id,Purchase
0,0
1,1
2,0
3,1
4,0
5,1
6,1
7,1
8,1
9,1
10,1
11,0
12,0
13,0
14,0
15,1
16,0
17,0
18,0
19,1
20,0
21,1
22,1
23,0
24,0
25,0
26,1
27,0
28,0
29,0
30,1
31,0
32,0
33,0
34,0
35,1
36,0
37,1
38,1
39,1
40,1
41,0
42,0
43,1
44,0
45,1
46,0
47,1
48,1
49,0
50,0
51,0
52,1
53,1
54,0
55,0
56,0
57,1
58,0
59,0
60,0
61,1
62,1
63,1
64,0
65,0
66,1
67,1
68,0
69,0
70,0
71,0
72,0
73,0
74,0
75,0
76,1
77,1
78,1
79,0
80,0
81,0
82,0
83,0
84,1
85,0
86,1
87,1
88,1
89,0
90,0
91,0
92,0
93,0
94,1
95,0
96,0
97,1
98,1
99,0
100,0
101,1
102,0
103,1
104,1
105,0
106,0
107,1
108,1
109,0
110,0
111,0
112,0
113,0
114,1
115,1
116,0
117,1
118,1
119,0
120,0
121,1
122,0
123,1
124,0
125,0
126,1
127,1
128,1
129,1
130,0
131,0
132,0
133,1
134,0
135,1
136,0
137,1
138,0
139,1
140,0
141,1
142,1
143,0
144,0
145,0
146,0
147,0
148,0
149,0
150,0
151,1
152,1
153,0
154,0
155,0
156,0
157,0
158,0
159,1
160,0
161,0
162,0
163,0
164,1
165,0
166,1
167,0
168,1
169,0
170,0
171,1
172,0
173,0
174,1
175,0
176,1
177,0
178,1
179,1
180,1
181,0
182,1
183,0
184,0
185,1
186,1
187,0
188,1
189,0
190,1
191,0
192,0
193,0
194,1
195,0
196,1
197,0
198,0
199,0
200,1
201,0
202,0
203,0
204,0
205,1
206,0
207,0
208,1
209,1
210,0
211,1
212,0
213,1
214,1
215,0
216,0
217,1
218,0
219,0
220,1
221,1
222,1
223,1
224,1
225,0
226,1
227,1
228,0
229,1
230,1
231,1
232,0
233,0
234,0
235,0
236,1
237,1
238,0
239,0
240,0
241,0
242,0
243,0
244,0
245,0
246,1
247,0
248,1
249,1
250,0
251,0
252,0
253,1
254,1
255,0
256,1
257,1
258,0
259,1
260,0
261,0
262,0
263,0
264,0
265,0
266,0
267,0
268,0
269,0
270,1
271,0
272,0
273,0
274,0
275,1
276,0
277,0
278,0
279,1
280,0
281,1
282,0
283,1
284,0
285,0
286,1
287,0
288,0
289,0
290,1
291,1
292,1
293,1
294,0
295,0
296,1
297,0
298,0
299,1
300,1
301,0
302,0
303,0
304,0
305,0
306,1
307,0
308,0
309,0
310,0
311,0
312,1
313,0
314,1
315,1
316,0
317,1
318,0
319,1
320,0
321,0
322,0
323,0
324,1
325,0
326,1
327,0
328,0
329,0
330,0
331,0
332,1
333,1
334,0
335,0
336,1
337,0
338,1
339,1
340,0
341,1
342,0
343,0
344,0
345,0
346,0
347,1
348,0
349,0
350,0
351,0
352,1
353,1
354,0
355,0
356,0
357,0
358,1
359,0
360,0
361,1
362,1
363,0
364,0
365,0
366,0
367,1
368,0
369,0
370,0
371,0
372,1
373,0
374,0
375,1
376,0
377,0
378,0
379,1
380,1
381,1
382,0
383,0
384,0
385,0
386,0
387,0
388,0
389,0
390,1
391,0
392,0
393,1
394,0
395,0
396,1
397,0
398,0
399,0
400,1
401,0
402,1
403,0
404,0
405,1
406,1
407,1
408,0
409,0
410,0
411,1
412,1
413,0
414,1
415,0
416,0
417,0
418,0
419,0
420,1
421,1
422,1
423,1
424,0
425,0
426,1
427,1
428,0
429,0
430,0
431,0
432,0
433,0
434,0
435,0
436,1
437,0
438,0
439,0
440,0
441,0
442,1
443,0
444,0
445,1
446,0
447,0
448,0
449,1
450,0
451,0
452,1
453,0
454,1
455,0
456,1
457,0
458,0
459,1
460,1
461,1
462,0
463,1
464,0
465,0
466,1
467,0
468,0
469,0
470,0
471,0
472,0
473,0
474,0
475,1
476,0
477,0
478,1
479,0
480,0
481,1
482,0
483,0
484,0
485,1
486,0
487,0
488,1
489,0
490,0
491,0
492,1
493,0
494,1
495,0
496,0
497,0
498,0
499,0
500,0
501,0
502,0
503,0
504,0
505,0
506,0
507,0
508,1
509,0
510,0
511,1
512,0
513,0
514,1
515,0
516,0
517,1
518,0
519,1
520,1
521,0
522,1
523,0
524,0
525,1
526,1
527,0
528,0
529,0
530,1
531,0
532,0
533,0
534,1
535,0
536,0
537,0
538,0
539,0
540,0
541,0
542,1
543,1
544,1
545,0
546,1
547,0
548,0
549,0
550,0
551,1
552,0
553,0
554,0
555,1
556,0
557,0
558,1
559,1
560,0
561,0
562,1
563,0
564,1
565,1
566,0
567,0
568,0
569,0
570,0
571,1
572,1
573,0
574,1
575,0
576,1
577,0
578,0
579,0
580,1
581,0
582,0
583,1
584,1
585,1
586,0
587,1
588,1
589,0
590,1
591,0
592,1
593,0
594,1
595,0
596,0
597,0
598,1
599,0
600,0
601,0
602,0
603,0
604,0
605,0
606,0
607,1
608,0
609,0
610,1
611,0
612,1
613,1
614,0
615,0
616,0
617,0
618,0
619,0
620,0
621,1
622,1
623,1
624,1
625,1
626,1
627,1
628,1
629,0
630,0
631,0
632,1
633,0
634,0
635,0
636,1
637,0
638,0
639,1
640,0
641,1
642,1
643,0
644,1
645,0
646,0
647,0
648,1
649,0
650,1
651,0
652,1
653,0
654,0
655,0
656,0
657,0
658,0
659,0
660,0
661,0
662,1
663,1
664,0
665,0
666,0
667,0
668,0
669,1
670,1
671,0
672,1
673,0
674,0
675,0
676,0
677,0
678,0
679,0
680,0
681,0
682,1
683,0
684,1
685,0
686,0
687,1
688,1
689,1
690,0
691,0
692,1
693,0
694,0
695,0
696,1
697,0
698,1
699,1
700,1
701,1
702,1
703,0
704,0
705,1
706,1
707,1
708,0
709,0
710,1
711,0
712,0
713,1
714,0
715,0
716,0
717,1
718,0
719,1
720,1
721,0
722,0
723,0
724,0
725,0
726,1
727,1
728,0
729,0
730,1
731,1
732,0
733,0
734,1
735,1
736,0
737,0
738,1
739,0
740,0
741,0
742,1
743,0
744,0
745,0
746,1
747,0
748,0
749,0
750,1
751,1
752,0
753,0
754,1
755,1
756,0
757,1
758,0
759,0
760,1
761,1
762,1
763,1
764,0
765,0
766,1
767,0
768,1
769,0
770,0
771,0
772,1
773,0
774,1
775,0
776,0
777,0
778,0
779,0
780,1
781,0
782,0
783,0
784,0
785,1
786,1
787,0
788,1
789,1
790,0
791,0
792,1
793,1
794,0
795,1
796,1
797,1
798,1
799,1
800,1
801,0
802,0
803,0
804,1
805,1
806,0
807,0
808,0
809,0
810,1
811,1
812,0
813,1
814,1
815,0
816,0
817,1
818,0
819,0
820,0
821,0
822,0
823,1
824,1
825,0
826,0
827,1
828,1
829,0
830,0
831,1
832,1
833,0
834,0
835,1
836,1
837,0
838,0
839,0
840,1
841,0
842,0
843,0
844,1
845,0
846,0
847,1
848,0
849,1
850,1
851,0
852,1
853,0
854,1
855,0
856,0
857,1
858,0
859,0
860,0
861,1
862,0
863,0
864,0
865,0
866,1
867,1
868,0
869,0
870,0
871,1
872,0
873,0
874,1
875,1
876,0
877,1
878,0
879,0
880,1
881,1
882,0
883,0
884,0
885,0
886,1
887,1
888,0
889,0
890,0
891,1
892,0
893,1
894,0
895,1
896,0
897,0
898,1
899,0
900,0
901,1
902,0
903,1
904,1
905,1
906,1
907,0
908,0
909,0
910,1
911,0
912,0
913,0
914,0
915,1
916,0
917,1
918,0
919,0
920,0
921,0
922,0
923,1
924,0
925,0
926,0
927,0
928,0
929,0
930,1
931,0
932,1
933,1
934,0
935,0
936,0
937,1
938,0
939,0
940,1
941,0
942,0
943,0
944,0
945,0
946,1
947,1
948,0
949,0
950,0
951,0
952,0
953,1
954,1
955,1
956,0
957,1
958,0
959,0
960,0
961,0
962,0
963,0
964,1
965,0
966,0
967,0
968,0
969,1
970,1
971,1
972,0
973,1
974,1
975,0
976,1
977,0
978,1
979,0
980,0
981,1
982,0
983,1
984,1
985,0
986,0
987,0
988,0
989,0
990,0
991,0
992,0
993,0
994,0
995,1
996,0
997,0
998,0
999,1
1000,1
1001,0
1002,1
1003,0
1004,0
1005,1
1006,0
1007,1
1008,1
1009,0
1010,0
1011,1
1012,1
1013,0
1014,0
1015,0
1016,0
1017,0
1018,0
1019,1
1020,0
1021,0
1022,0
1023,1
1024,0
1025,0
1026,0
1027,0
1028,0
1029,1
1030,1
1031,1
1032,1
1033,1
1034,1
1035,0
1036,1
1037,1
1038,1
1039,0
1040,0
1041,0
1042,0
1043,1
1044,1
1045,1
1046,1
1047,0
1048,1
1049,0
1050,0
1051,1
1052,0
1053,1
1054,1
1055,1
1056,0
1057,0
1058,0
1059,1
1060,1
1061,1
1062,1
1063,0
1064,0
1065,0
1066,1
1067,0
1068,0
1069,0
1070,1
1071,0
1072,1
1073,1
1074,0
1075,0
1076,1
1077,1
1078,1
1079,1
1080,0
1081,0
1082,1
1083,1
1084,1
1085,1
1086,0
1087,1
1088,0
1089,1
1090,1
1091,1
1092,1
1093,0
1094,1
1095,0
1096,0
1097,1
1098,1
1099,0
1100,0
1101,0
1102,0
1103,0
1104,0
1105,0
1106,0
1107,1
1108,0
1109,0
1110,0
1111,1
1112,0
1113,0
1114,0
1115,0
1116,0
1117,0
1118,1
1119,0
1120,0
1121,0
1122,0
1123,0
1124,0
1125,0
1126,0
1127,1
1128,0
1129,0
1130,1
1131,1
1132,1
1133,1
1134,0
1135,0
1136,1
1137,0
1138,1
1139,1
1140,0
1141,0
1142,0
1143,0
1144,0
1145,1
1146,0
1147,0
1148,1
1149,0
1150,0
1151,0
1152,0
1153,0
1154,1
1155,0
1156,0
1157,1
1158,1
1159,0
1160,0
1161,0
1162,1
1163,0
1164,1
1165,0
1166,1
1167,1
1168,0
1169,0
1170,0
1171,1
1172,1
1173,1
1174,0
1175,0
1176,1
1177,0
1178,0
1179,0
1180,1
1181,0
1182,0
1183,0
1184,0
1185,0
1186,1
1187,0
1188,0
1189,1
1190,1
1191,1
1192,0
1193,0
1194,0
1195,0
1196,0
1197,0
1198,1
1199,0
1200,1
1201,0
1202,1
1203,0
1204,1
1205,1
1206,0
1207,0
1208,1
1209,0
1210,0
1211,0
1212,0
1213,0
1214,1
1215,0
1216,0
1217,1
1218,1
1219,1
1220,0
1221,0
1222,0
1223,0
1224,0
1225,0
1226,0
1227,0
1228,1
1229,0
1230,0
1231,0
1232,0
1233,0
1234,0
1235,1
1236,1
1237,1
1238,0
1239,0
1240,0
1241,1
1242,0
1243,1
1244,0
1245,0
1246,0
1247,1
1248,0
1249,0
1250,0
1251,1
1252,0
1253,0
1254,0
1255,1
1256,0
1257,0
1258,0
1259,1
1260,0
1261,0
1262,0
1263,1
1264,0
1265,0
1266,1
1267,0
1268,1
1269,0
1270,1
1271,1
1272,0
1273,0
1274,0
1275,1
1276,0
1277,0
1278,1
1279,1
1280,0
1281,1
1282,0
1283,1
1284,0
1285,0
1286,1
1287,1
1288,1
1289,0
1290,0
1291,0
1292,0
1293,0
1294,0
1295,0
1296,0
1297,1
1298,1
1299,1
1300,0
1301,0
1302,0
1303,0
1304,0
1305,0
1306,0
1307,0
1308,0
1309,1
1310,1
1311,1
1312,1
1313,0
1314,1
1315,0
1316,0
1317,0
1318,0
1319,0
1320,1
1321,1
1322,1
1323,0
1324,0
1325,1
1326,0
1327,0
1328,0
1329,0
1330,1
1331,0
1332,1
1333,1
1334,1
1335,0
1336,1
1337,0
1338,1
1339,1
1340,0
1341,0
1342,1
1343,1
1344,0
1345,0
1346,1
1347,0
1348,0
1349,0
1350,0
1351,1
1352,0
1353,0
1354,1
1355,1
1356,1
1357,0
1358,0
1359,0
1360,0
1361,0
1362,0
1363,0
1364,1
1365,1
1366,1
1367,0
1368,0
1369,0
1370,0
1371,1
1372,0
1373,0
1374,0
1375,1
1376,1
1377,1
1378,1
1379,0
1380,1
1381,1
1382,0
1383,1
1384,0
1385,1
1386,1
1387,0
1388,0
1389,1
1390,0
1391,0
1392,0
1393,1
1394,1
1395,1
1396,0
1397,1
1398,0
1399,0
1400,0
1401,0
1402,0
1403,1
1404,0
1405,0
1406,0
1407,1
1408,0
1409,0
1410,0
1411,1
1412,1
1413,0
1414,0
1415,1
1416,0
1417,0
1418,0
1419,0
1420,0
1421,1
1422,0
1423,0
1424,1
1425,1
1426,0
1427,1
1428,0
1429,0
1430,0
1431,0
1432,0
1433,1
1434,1
1435,1
1436,1
1437,1
1438,1
1439,0
1440,0
1441,0
1442,1
1443,0
1444,0
1445,0
1446,1
1447,0
1448,0
1449,0
1450,0
1451,1
1452,0
1453,0
1454,0
1455,0
1456,0
1457,0
1458,0
1459,0
1460,0
1461,0
1462,1
1463,0
1464,0
1465,1
1466,1
1467,1
1468,0
1469,0
1470,1
1471,0
1472,0
1473,0
1474,0
1475,0
1476,0
1477,0
1478,0
1479,1
1480,1
1481,0
1482,0
1483,0
1484,0
1485,1
1486,1
1487,1
1488,1
1489,0
1490,0
1491,1
1492,0
1493,0
1494,0
1495,0
1496,1
1497,0
1498,0
1499,0
1500,0
1501,1
1502,0
1503,0
1504,0
1505,1
1506,0
1507,1
1508,0
1509,0
1510,1
1511,0
1512,0
1513,0
1514,0
1515,1
1516,0
1517,0
1518,1
1519,1
1520,0
1521,1
1522,0
1523,0
1524,1
1525,1
1526,1
1527,1
1528,0
1529,0
1530,0
1531,1
1532,0
1533,0
1534,0
1535,0
1536,0
1537,0
1538,0
1539,1
1540,1
1541,1
1542,0
1543,0
1544,1
1545,0
1546,0
1547,0
1548,0
1549,0
1550,0
1551,0
1552,0
1553,0
1554,0
1555,0
1556,0
1557,0
1558,0
1559,0
1560,1
1561,0
1562,0
1563,0
1564,0
1565,1
1566,0
1567,0
1568,0
1569,1
1570,0
1571,0
1572,1
1573,0
1574,0
1575,1
1576,0
1577,1
1578,0
1579,1
1580,1
1581,0
1582,1
1583,1
1584,0
1585,0
1586,0
1587,1
1588,1
1589,0
1590,0
1591,0
1592,1
1593,1
1594,0
1595,1
1596,1
1597,0
1598,1
1599,1
1600,1
1601,0
1602,1
1603,0
1604,1
1605,0
1606,1
1607,1
1608,0
1609,0
1610,1
1611,0
1612,0
1613,0
1614,0
1615,1
1616,0
1617,0
1618,1
1619,0
1620,0
1621,0
1622,0
1623,1
1624,0
1625,0
1626,0
1627,0
1628,0
1629,0
1630,0
1631,1
1632,1
1633,0
1634,0
1635,0
1636,0
1637,0
1638,1
1639,1
1640,1
1641,0
1642,0
1643,1
1644,1
1645,1
1646,1
1647,0
1648,1
1649,0
1650,1
1651,1
1652,1
1653,1
1654,0
1655,0
1656,1
1657,0
1658,1
1659,0
1660,1
1661,1
1662,0
1663,0
1664,1
1665,0
1666,1
1667,0
1668,1
1669,0
1670,0
1671,1
1672,0
1673,0
1674,0
1675,1
1676,0
1677,0
1678,0
1679,0
1680,1
1681,1
1682,0
1683,0
1684,0
1685,0
1686,1
1687,1
1688,0
1689,1
1690,0
1691,0
1692,0
1693,1
1694,0
1695,0
1696,0
1697,0
1698,0
1699,0
1700,1
1701,0
1702,0
1703,1
1704,0
1705,0
1706,1
1707,0
1708,1
1709,0
1710,0
1711,0
1712,0
1713,0
1714,0
1715,0
1716,1
1717,0
1718,0
1719,1
1720,1
1721,0
1722,1
1723,0
1724,0
1725,0
1726,0
1727,0
1728,0
1729,0
1730,0
1731,0
1732,0
1733,1
1734,0
1735,1
1736,0
1737,0
1738,1
1739,0
1740,0
1741,1
1742,0
1743,1
1744,0
1745,0
1746,0
1747,0
1748,1
1749,0
1750,0
1751,1
1752,1
1753,0
1754,0
1755,0
1756,1
1757,0
1758,1
1759,0
1760,0
1761,0
1762,0
1763,0
1764,1
1765,0
1766,1
1767,1
1768,0
1769,1
1770,1
1771,1
1772,0
1773,1
1774,0
1775,0
1776,0
1777,0
1778,0
1779,0
1780,0
1781,1
1782,0
1783,1
1784,0
1785,0
1786,0
1787,1
1788,0
1789,0
1790,1
1791,1
1792,0
1793,0
1794,1
1795,1
1796,0
1797,1
1798,0
1799,1
1800,1
1801,0
1802,1
1803,0
1804,1
1805,0
1806,1
1807,0
1808,0
1809,0
1810,0
1811,1
1812,1
1813,1
1814,1
1815,1
1816,0
1817,0
1818,1
1819,0
1820,0
1821,1
1822,1
1823,0
1824,0
1825,1
1826,0
1827,0
1828,0
1829,1
1830,0
1831,1
1832,0
1833,0
1834,0
1835,0
1836,1
1837,0
1838,0
1839,0
1840,1
1841,0
1842,0
1843,1
1844,0
1845,1
1846,0
1847,0
1848,1
1849,0
1850,1
1851,0
1852,0
1853,0
1854,0
1855,0
1856,1
1857,0
1858,0
1859,0
1860,1
1861,1
1862,0
1863,1
1864,0
1865,0
1866,1
1867,0
1868,1
1869,0
1870,0
1871,1
1872,0
1873,1
1874,0
1875,0
1876,0
1877,0
1878,0
1879,0
1880,1
1881,0
1882,0
1883,0
1884,1
1885,0
1886,0
1887,1
1888,0
1889,0
1890,0
1891,1
1892,0
1893,0
1894,0
1895,1
1896,0
1897,0
1898,0
1899,1
1900,0
1901,0
1902,0
1903,1
1904,1
1905,1
1906,1
1907,1
1908,1
1909,0
1910,0
1911,1
1912,0
1913,0
1914,0
1915,0
1916,1
1917,0
1918,1
1919,0
1920,0
1921,1
1922,1
1923,0
1924,0
1925,0
1926,0
1927,0
1928,0
1929,1
1930,0
1931,0
1932,1
1933,1
1934,1
1935,0
1936,1
1937,1
1938,1
1939,1
1940,0
1941,0
1942,0
1943,0
1944,1
1945,0
1946,0
1947,0
1948,0
1949,0
1950,0
1951,1
1952,1
1953,0
1954,1
1955,1
1956,0
1957,1
1958,0
1959,1
1960,1
1961,0
1962,1
1963,0
1964,0
1965,0
1966,0
1967,0
1968,1
1969,1
1970,1
1971,1
1972,0
1973,1
1974,0
1975,0
1976,0
1977,1
1978,0
1979,1
1980,0
1981,0
1982,0
1983,0
1984,0
1985,1
1986,0
1987,0
1988,0
1989,0
1990,1
1991,0
1992,0
1993,0
1994,0
1995,0
1996,0
1997,0
1998,1
1999,0
2000,1
2001,0
2002,1
2003,0
2004,0
2005,0
2006,1
2007,0
2008,1
2009,0
2010,0
2011,0
2012,0
2013,1
2014,0
2015,0
2016,1
2017,1
2018,1
2019,1
2020,1
2021,1
2022,0
2023,1
2024,0
2025,0
2026,1
2027,0
2028,0
2029,0
2030,0
2031,1
2032,0
2033,1
2034,0
2035,0
2036,1
2037,1
2038,0
2039,0
2040,1
2041,0
2042,0
2043,1
2044,0
2045,0
2046,0
2047,0
2048,1
2049,1
2050,0
2051,0
2052,1
2053,0
2054,0
2055,0
2056,0
2057,1
2058,0
2059,0
2060,0
2061,1
2062,0
2063,1
2064,0
2065,0
2066,1
2067,1
2068,0
2069,0
2070,0
2071,0
2072,0
2073,0
2074,0
2075,1
2076,0
2077,0
2078,0
2079,0
2080,0
2081,0
2082,0
2083,0
2084,0
2085,1
2086,0
2087,0
2088,1
2089,0
2090,0
2091,0
2092,0
2093,0
2094,0
2095,1
2096,0
2097,0
2098,1
2099,1
2100,0
2101,0
2102,0
2103,0
2104,1
2105,0
2106,1
2107,0
2108,0
2109,1
2110,0
2111,0
2112,0
2113,1
2114,0
2115,0
2116,1
2117,0
2118,0
2119,0
2120,0
2121,1
2122,1
2123,1
2124,0
2125,0
2126,0
2127,0
2128,0
2129,0
2130,0
2131,0
2132,0
2133,1
2134,1
2135,0
2136,0
2137,0
2138,1
2139,0
2140,0
2141,0
2142,1
2143,0
2144,0
2145,1
2146,0
2147,0
2148,0
2149,0
2150,1
2151,1
2152,1
2153,0
2154,0
2155,1
2156,0
2157,1
2158,0
2159,0
2160,0
2161,1
2162,1
2163,1
2164,1
2165,1
2166,1
2167,0
2168,0
2169,0
2170,0
2171,0
2172,1
2173,1
2174,0
2175,0
2176,1
2177,0
2178,0
2179,0
2180,1
2181,0
2182,1
2183,1
2184,1
2185,1
2186,0
2187,1
2188,0
2189,1
2190,1
2191,1
2192,0
2193,1
2194,0
2195,0
2196,0
2197,1
2198,0
2199,0
2200,0
2201,0
2202,0
2203,0
2204,0
2205,1
2206,0
2207,1
2208,1
2209,0
2210,1
2211,1
2212,0
2213,1
2214,0
2215,0
2216,1
2217,0
2218,0
2219,1
2220,0
2221,1
2222,1
2223,1
2224,0
2225,0
2226,0
2227,0
2228,1
2229,0
2230,1
2231,0
2232,0
2233,1
2234,1
2235,0
2236,0
2237,0
2238,1
2239,0
2240,0
2241,0
2242,0
2243,0
2244,1
2245,0
2246,0
2247,1
2248,0
2249,1
2250,1
2251,0
2252,1
2253,1
2254,0
2255,0
2256,1
2257,1
2258,0
2259,0
2260,0
2261,0
2262,1
2263,1
2264,1
2265,0
2266,1
2267,0
2268,0
2269,1
2270,1
2271,1
2272,0
2273,1
2274,0
2275,0
2276,1
2277,0
2278,0
2279,1
2280,0
2281,0
2282,0
2283,0
2284,0
2285,1
2286,1
2287,0
2288,1
2289,0
2290,1
2291,0
2292,1
2293,1
2294,0
2295,0
2296,0
2297,1
2298,0
2299,0
2300,1
2301,1
2302,0
2303,1
2304,0
2305,0
2306,1
2307,0
2308,0
2309,0
2310,0
2311,0
2312,0
2313,1
2314,1
2315,1
2316,1
2317,1
2318,0
2319,0
2320,0
2321,0
2322,0
2323,1
2324,1
2325,0
2326,0
2327,0
2328,0
2329,0
2330,1
2331,1
2332,1
2333,0
2334,0
2335,1
2336,1
2337,0
2338,1
2339,1
2340,1
2341,1
2342,0
2343,1
2344,1
2345,1
2346,0
2347,1
2348,0
2349,0
2350,1
2351,0
2352,0
2353,0
2354,0
2355,0
2356,0
2357,0
2358,1
2359,1
2360,0
2361,0
2362,0
2363,0
2364,0
2365,1
2366,0
2367,0
2368,0
2369,0
2370,0
2371,1
2372,1
2373,0
2374,0
2375,0
2376,0
2377,0
2378,0
2379,1
2380,1
2381,1
2382,1
2383,0
2384,0
2385,1
2386,0
2387,0
2388,0
2389,0
2390,1
2391,1
2392,0
2393,0
2394,0
2395,0
2396,1
2397,0
2398,1
2399,0
2400,0
2401,0
2402,0
2403,1
2404,1
2405,0
2406,0
2407,0
2408,0
2409,0
2410,0
2411,1
2412,0
2413,0
2414,0
2415,1
2416,1
2417,0
2418,1
2419,0
2420,0
2421,0
2422,1
2423,0
2424,0
2425,0
2426,1
2427,0
2428,1
2429,1
2430,0
2431,0
2432,0
2433,0
2434,0
2435,0
2436,0
2437,1
2438,1
2439,1
2440,1
2441,1
2442,0
2443,0
2444,1
2445,1
2446,0
2447,0
2448,0
2449,0
2450,0
2451,0
2452,1
2453,1
2454,0
2455,1
2456,1
2457,0
2458,0
2459,1
2460,1
2461,0
2462,1
2463,0
2464,1
2465,1
2466,0
2467,1
2468,0
2469,1
2470,0
2471,0
2472,0
2473,0
2474,0
2475,0
2476,0
2477,0
2478,1
2479,1
2480,0
2481,0
2482,1
2483,0
2484,1
2485,0
2486,0
2487,1
2488,0
2489,1
2490,0
2491,0
2492,0
2493,0
2494,1
2495,0
2496,0
2497,0
2498,0
2499,0
2500,0
2501,0
2502,0
2503,0
2504,1
2505,0
2506,1
2507,0
2508,0
2509,0
2510,0
2511,1
2512,0
2513,1
2514,0
2515,1
2516,1
2517,1
2518,1
2519,1
2520,1
2521,0
2522,0
2523,0
2524,1
2525,1
2526,0
2527,0
2528,0
2529,1
2530,1
2531,0
2532,1
2533,0
2534,1
2535,0
2536,0
2537,0
2538,1
2539,0
2540,1
2541,0
2542,1
2543,1
2544,1
2545,0
2546,0
2547,0
2548,0
2549,0
2550,1
2551,0
2552,1
2553,0
2554,0
2555,0
2556,1
2557,0
2558,0
2559,0
2560,0
2561,0
2562,0
2563,0
2564,1
2565,0
2566,0
2567,0
2568,1
2569,1
2570,0
2571,0
2572,1
2573,1
2574,1
2575,0
2576,0
2577,0
2578,0
2579,1
2580,0
2581,0
2582,0
2583,0
2584,0
2585,0
2586,1
2587,0
2588,1
2589,1
2590,0
2591,0
2592,0
2593,1
2594,0
2595,0
2596,0
2597,1
2598,0
2599,0
2600,0
2601,0
2602,1
2603,1
2604,0
2605,1
2606,0
2607,0
2608,0
2609,0
2610,1
2611,0
2612,0
2613,0
2614,1
2615,0
2616,1
2617,0
2618,0
2619,1
2620,0
2621,1
2622,0
2623,1
2624,0
2625,0
2626,1
2627,1
2628,1
2629,0
2630,0
2631,0
2632,0
2633,0
2634,1
2635,0
2636,1
2637,0
2638,0
2639,0
2640,0
2641,1
2642,1
2643,0
2644,1
2645,0
2646,0
2647,0
2648,1
2649,0
2650,0
2651,1
2652,0
2653,0
2654,0
2655,0
2656,0
2657,0
2658,0
2659,0
2660,0
2661,0
2662,0
2663,1
2664,0
2665,1
2666,1
2667,0
2668,0
2669,0
2670,1
2671,1
2672,0
2673,0
2674,0
2675,1
2676,0
2677,1
2678,1
2679,0
2680,0
2681,1
2682,0
2683,1
2684,0
2685,0
2686,0
2687,0
2688,1
2689,0
2690,1
2691,1
2692,0
2693,0
2694,1
2695,0
2696,0
2697,0
2698,0
2699,1
2700,0
2701,1
2702,0
2703,0
2704,0
2705,0
2706,1
2707,0
2708,1
2709,0
2710,0
2711,0
2712,0
2713,1
2714,1
2715,0
2716,0
2717,0
2718,0
2719,0
2720,1
2721,0
2722,1
2723,1
2724,1
2725,0
2726,1
2727,0
2728,1
2729,0
2730,1
2731,0
2732,0
2733,1
2734,0
2735,0
2736,1
2737,0
2738,0
2739,0
2740,0
2741,1
2742,0
2743,1
2744,1
2745,0
2746,0
2747,1
2748,1
2749,1
2750,0
2751,1
2752,0
2753,0
2754,0
2755,0
2756,1
2757,0
2758,0
2759,1
2760,0
2761,0
2762,1
2763,1
2764,1
2765,0
2766,1
2767,0
2768,0
2769,1
2770,0
2771,0
2772,0
2773,1
2774,1
2775,0
2776,1
2777,0
2778,0
2779,0
2780,0
2781,1
2782,1
2783,0
2784,1
2785,0
2786,0
2787,0
2788,1
2789,0
2790,0
2791,0
2792,0
2793,1
2794,0
2795,1
2796,0
2797,1
2798,0
2799,1
2800,1
2801,1
2802,1
2803,0
2804,1
2805,1
2806,1
2807,1
2808,1
2809,0
2810,0
2811,0
2812,1
2813,1
2814,0
2815,1
2816,0
2817,1
2818,1
2819,0
2820,1
2821,1
2822,1
2823,1
2824,1
2825,1
2826,0
2827,1
2828,0
2829,0
2830,0
2831,0
2832,1
2833,0
2834,1
2835,0
2836,0
2837,0
2838,0
2839,0
2840,0
2841,1
2842,1
2843,0
2844,0
2845,0
2846,0
2847,1
2848,0
2849,0
2850,0
2851,0
2852,0
2853,0
2854,0
2855,0
2856,0
2857,0
2858,1
2859,1
2860,1
2861,0
2862,0
2863,0
2864,1
2865,0
2866,1
2867,1
2868,1
2869,1
2870,0
2871,0
2872,0
2873,0
2874,1
2875,0
2876,1
2877,0
2878,1
2879,0
2880,1
2881,0
2882,1
2883,0
2884,0
2885,0
2886,1
2887,0
2888,0
2889,1
2890,0
2891,0
2892,0
2893,0
2894,0
2895,1
2896,0
2897,0
2898,1
2899,0
2900,0
2901,1
2902,1
2903,0
2904,0
2905,1
2906,0
2907,0
2908,1
2909,0
2910,1
2911,1
2912,0
2913,0
2914,0
2915,1
2916,0
2917,0
2918,1
2919,1
2920,1
2921,0
2922,0
2923,0
2924,0
2925,0
2926,0
2927,0
2928,0
2929,1
2930,0
2931,1
2932,1
2933,1
2934,1
2935,0
2936,1
2937,0
2938,0
2939,0
2940,1
2941,0
2942,1
2943,0
2944,0
2945,1
2946,0
2947,0
2948,1
2949,0
2950,0
2951,0
2952,0
2953,0
2954,0
2955,0
2956,1
2957,0
2958,0
2959,1
2960,0
2961,0
2962,0
2963,0
2964,0
2965,1
2966,1
2967,1
2968,0
2969,1
2970,1
2971,1
2972,0
2973,0
2974,0
2975,0
2976,1
2977,0
2978,1
2979,0
2980,0
2981,0
2982,1
2983,1
2984,0
2985,0
2986,1
2987,1
2988,1
2989,0
2990,1
2991,0
2992,0
2993,0
2994,0
2995,1
2996,1
2997,0
2998,0
2999,0
3000,1
3001,1
3002,1
3003,1
3004,0
3005,0
3006,1
3007,0
3008,1
3009,0
3010,1
3011,1
3012,0
3013,0
3014,0
3015,0
3016,0
3017,0
3018,1
3019,1
3020,1
3021,0
3022,1
3023,1
3024,1
3025,0
3026,0
3027,1
3028,1
3029,1
3030,0
3031,0
3032,1
3033,0
3034,0
3035,0
3036,0
3037,1
3038,1
3039,0
3040,0
3041,1
3042,1
3043,0
3044,0
3045,1
3046,1
3047,1
3048,0
3049,0
3050,1
3051,1
3052,0
3053,1
3054,0
3055,0
3056,1
3057,0
3058,0
3059,0
3060,0
3061,0
3062,1
3063,1
3064,0
3065,0
3066,0
3067,1
3068,1
3069,1
3070,1
3071,1
3072,0
3073,0
3074,0
3075,0
3076,0
3077,0
3078,0
3079,0
3080,0
3081,1
3082,0
3083,0
3084,0
3085,0
3086,0
3087,0
3088,1
3089,0
3090,1
3091,1
3092,0
3093,1
3094,1
3095,0
3096,0
3097,0
3098,0
3099,1
3100,0
3101,0
3102,1
3103,1
3104,1
3105,0
3106,1
3107,0
3108,0
3109,1
3110,1
3111,0
3112,0
3113,0
3114,0
3115,0
3116,0
3117,0
3118,0
3119,0
3120,0
3121,0
3122,0
3123,0
3124,1
3125,0
3126,1
3127,0
3128,0
3129,0
3130,0
3131,0
3132,1
3133,0
3134,0
3135,1
3136,0
3137,1
3138,0
3139,0
3140,0
3141,1
3142,1
3143,1
3144,0
3145,0
3146,0
3147,0
3148,0
3149,0
3150,0
3151,1
3152,0
3153,0
3154,0
3155,0
3156,1
3157,1
3158,1
3159,0
3160,1
3161,1
3162,0
3163,0
3164,0
3165,0
3166,0
3167,0
3168,0
3169,0
3170,1
3171,0
3172,0
3173,0
3174,1
3175,0
3176,0
3177,1
3178,0
3179,1
3180,1
3181,0
3182,1
3183,1
3184,1
3185,1
3186,0
3187,0
3188,0
3189,0
3190,0
3191,0
3192,0
3193,0
3194,1
3195,0
3196,0
3197,0
3198,0
3199,0
3200,0
3201,0
3202,0
3203,1
3204,0
3205,0
3206,0
3207,0
3208,0
3209,0
3210,0
3211,1
3212,0
3213,0
3214,0
3215,1
3216,0
3217,1
3218,0
3219,0
3220,0
3221,0
3222,0
3223,0
3224,0
3225,0
3226,1
3227,1
3228,0
3229,0
3230,1
3231,1
3232,0
3233,1
3234,1
3235,0
3236,0
3237,1
3238,0
3239,0
3240,0
3241,0
3242,1
3243,1
3244,0
3245,0
3246,0
3247,1
3248,0
3249,1
3250,0
3251,0
3252,0
3253,0
3254,1
3255,1
3256,0
3257,0
3258,0
3259,1
3260,1
3261,0
3262,1
3263,0
3264,0
3265,1
3266,1
3267,0
3268,0
3269,1
3270,1
3271,0
3272,0
3273,0
3274,0
3275,0
3276,0
3277,0
3278,0
3279,1
3280,1
3281,1
3282,1
3283,0
3284,0
3285,0
3286,0
3287,1
3288,0
3289,1
3290,0
3291,0
3292,0
3293,0
3294,0
3295,0
3296,1
3297,0
3298,0
3299,1
3300,1
3301,0
3302,0
3303,0
3304,0
3305,0
3306,0
3307,1
3308,0
3309,1
3310,0
3311,1
3312,0
3313,0
3314,0
3315,1
3316,0
3317,1
3318,0
3319,0
3320,1
3321,0
3322,0
3323,1
3324,0
3325,0
3326,1
3327,1
3328,0
3329,0
3330,1
3331,0
3332,1
3333,0
3334,0
3335,0
3336,0
3337,0
3338,1
3339,1
3340,0
3341,1
3342,0
3343,0
3344,0
3345,1
3346,0
3347,0
3348,0
3349,0
3350,0
3351,0
3352,1
3353,0
3354,0
3355,0
3356,1
3357,0
3358,0
3359,0
3360,0
3361,0
3362,0
3363,1
3364,1
3365,1
3366,1
3367,0
3368,1
3369,0
3370,0
3371,0
3372,0
3373,0
3374,0
3375,1
3376,0
3377,0
3378,1
3379,1
3380,0
3381,1
3382,0
3383,0
3384,0
3385,0
3386,0
3387,1
3388,0
3389,0
3390,0
3391,0
3392,1
3393,1
3394,0
3395,0
3396,0
3397,0
3398,0
3399,0
3400,0
3401,0
3402,0
3403,0
3404,0
3405,0
3406,1
3407,1
3408,0
3409,0
3410,0
3411,1
3412,0
3413,1
3414,0
3415,1
3416,0
3417,1
3418,1
3419,1
3420,0
3421,0
3422,0
3423,0
3424,1
3425,0
3426,1
3427,0
3428,0
3429,0
3430,0
3431,1
3432,0
3433,0
3434,0
3435,0
3436,0
3437,0
3438,0
3439,0
3440,0
3441,1
3442,1
3443,0
3444,1
3445,0
3446,0
3447,0
3448,0
3449,0
3450,1
3451,1
3452,0
3453,0
3454,1
3455,1
3456,0
3457,0
3458,0
3459,0
3460,0
3461,0
3462,0
3463,0
3464,0
3465,0
3466,0
3467,1
3468,1
3469,0
3470,0
3471,0
3472,0
3473,0
3474,0
3475,0
3476,0
3477,1
3478,1
3479,0
3480,0
3481,1
3482,0
3483,0
3484,0
3485,0
3486,0
3487,0
3488,0
3489,0
3490,1
3491,0
3492,1
3493,0
3494,0
3495,0
3496,1
3497,0
3498,0
3499,0
3500,1
3501,0
3502,0
3503,0
3504,1
3505,0
3506,0
3507,0
3508,0
3509,1
3510,1
3511,0
3512,0
3513,0
3514,1
3515,0
3516,1
3517,0
3518,1
3519,1
3520,1
3521,1
3522,0
3523,0
3524,0
3525,0
3526,1
3527,1
3528,0
3529,0
3530,1
3531,1
3532,0
3533,0
3534,0
3535,0
3536,1
3537,1
3538,1
3539,0
3540,0
3541,0
3542,0
3543,0
3544,1
3545,0
3546,0
3547,1
3548,0
3549,0
3550,0
3551,1
3552,1
3553,0
3554,1
3555,0
3556,1
3557,1
3558,1
3559,0
3560,1
3561,0
3562,0
3563,0
3564,0
3565,0
3566,1
3567,0
3568,0
3569,0
3570,1
3571,1
3572,0
3573,1
3574,0
3575,0
3576,0
3577,0
3578,0
3579,1
3580,0
3581,0
3582,1
3583,1
3584,1
3585,1
3586,1
3587,1
3588,1
3589,0
3590,1
3591,0
3592,0
3593,1
3594,0
3595,0
3596,1
3597,1
3598,0
3599,1
3600,1
3601,0
3602,0
3603,1
3604,0
3605,0
3606,0
3607,0
3608,1
3609,0
3610,1
3611,0
3612,1
3613,1
3614,0
3615,0
3616,0
3617,1
3618,1
3619,0
3620,1
3621,1
3622,0
3623,0
3624,1
3625,1
3626,1
3627,1
3628,1
3629,0
3630,1
3631,0
3632,1
3633,0
3634,0
3635,1
3636,0
3637,0
3638,1
3639,0
3640,1
3641,1
3642,1
3643,0
3644,0
3645,0
3646,0
3647,1
3648,0
3649,0
3650,1
3651,0
3652,1
3653,1
3654,1
3655,0
3656,1
3657,1
3658,1
3659,0
3660,0
3661,1
3662,0
3663,1
3664,1
3665,0
3666,1
3667,0
3668,1
3669,1
3670,0
3671,0
3672,0
3673,0
3674,0
3675,1
3676,1
3677,1
3678,1
3679,0
3680,1
3681,0
3682,0
3683,0
3684,0
3685,0
3686,0
3687,1
3688,0
3689,0
3690,0
3691,0
3692,0
3693,1
3694,1
3695,0
3696,0
3697,1
3698,0
3699,0
3700,0
3701,0
3702,0
3703,0
3704,0
3705,1
3706,1
3707,0
3708,0
3709,0
3710,1
3711,0
3712,1
3713,1
3714,0
3715,1
3716,1
3717,1
3718,1
3719,0
3720,0
3721,1
3722,1
3723,1
3724,0
3725,0
3726,1
3727,1
3728,1
3729,0
3730,0
3731,0
3732,0
3733,0
3734,0
3735,0
3736,0
3737,0
3738,1
3739,1
3740,0
3741,0
3742,1
3743,1
3744,1
3745,0
3746,0
3747,0
3748,0
3749,1
3750,0
3751,1
3752,0
3753,0
3754,0
3755,0
3756,0
3757,1
3758,0
3759,1
3760,0
3761,0
3762,1
3763,0
3764,1
3765,1
3766,1
3767,0
3768,1
3769,0
3770,0
3771,0
3772,1
3773,0
3774,1
3775,0
3776,0
3777,1
3778,0
3779,0
3780,0
3781,0
3782,0
3783,1
3784,1
3785,1
3786,0
3787,0
3788,0
3789,1
3790,1
3791,1
3792,1
3793,1
3794,0
3795,0
3796,0
3797,0
3798,1
3799,0
3800,0
3801,1
3802,0
3803,0
3804,0
3805,0
3806,0
3807,0
3808,1
3809,0
3810,1
3811,1
3812,0
3813,0
3814,1
3815,0
3816,1
3817,0
3818,1
3819,0
3820,0
3821,0
3822,0
3823,1
3824,0
3825,1
3826,0
3827,0
3828,0
3829,1
3830,0
3831,0
3832,0
3833,0
3834,0
3835,1
3836,0
3837,1
3838,0
3839,0
3840,0
3841,1
3842,1
3843,0
3844,0
3845,0
3846,1
3847,0
3848,1
3849,1
3850,0
3851,1
3852,0
3853,1
3854,1
3855,0
3856,0
3857,0
3858,0
3859,0
3860,0
3861,0
3862,0
3863,0
3864,1
3865,1
3866,0
3867,0
3868,0
3869,1
3870,0
3871,0
3872,1
3873,1
3874,1
3875,0
3876,0
3877,0
3878,0
3879,0
3880,1
3881,1
3882,1
3883,0
3884,0
3885,1
3886,0
3887,0
3888,0
3889,0
3890,0
3891,0
3892,0
3893,0
3894,0
3895,0
3896,0
3897,1
3898,0
3899,0
3900,0
3901,0
3902,0
3903,0
3904,0
3905,0
3906,1
3907,0
3908,0
3909,1
3910,1
3911,0
3912,1
3913,1
3914,0
3915,1
3916,0
3917,0
3918,1
3919,1
3920,1
3921,0
3922,0
3923,0
3924,0
3925,1
3926,0
3927,0
3928,1
3929,1
3930,0
3931,0
3932,0
3933,1
3934,0
3935,0
3936,1
3937,0
3938,1
3939,0
3940,1
3941,0
3942,0
3943,0
3944,0
3945,0
3946,0
3947,0
3948,0
3949,0
3950,0
3951,1
3952,0
3953,0
3954,1
3955,0
3956,0
3957,0
3958,1
3959,0
3960,1
3961,0
3962,0
3963,0
3964,1
3965,0
3966,0
3967,0
3968,1
3969,0
3970,0
3971,1
3972,1
3973,1
3974,1
3975,0
3976,0
3977,1
3978,0
3979,0
3980,0
3981,1
3982,1
3983,1
3984,1
3985,0
3986,0
3987,1
3988,1
3989,1
3990,0
3991,0
3992,0
3993,1
3994,1
3995,0
3996,1
3997,1
3998,1
3999,1
4000,0
4001,1
4002,0
4003,0
4004,0
4005,1
4006,0
4007,0
4008,0
4009,0
4010,0
4011,0
4012,0
4013,0
4014,1
4015,0
4016,0
4017,1
4018,0
4019,0
4020,0
4021,0
4022,0
4023,0
4024,0
4025,0
4026,0
4027,0
4028,0
4029,0
4030,1
4031,1
4032,0
4033,1
4034,0
4035,0
4036,0
4037,1
4038,0
4039,0
4040,0
4041,0
4042,1
4043,1
4044,0
4045,0
4046,0
4047,1
4048,0
4049,0
4050,0
4051,1
4052,0
4053,1
4054,1
4055,0
4056,0
4057,0
4058,1
4059,0
4060,1
4061,1
4062,0
4063,0
4064,0
4065,1
4066,0
4067,0
4068,0
4069,1
4070,0
4071,0
4072,0
4073,0
4074,1
4075,0
4076,0
4077,0
4078,1
4079,0
4080,0
4081,1
4082,1
4083,0
4084,0
4085,1
4086,1
4087,1
4088,1
4089,0
4090,0
4091,0
4092,0
4093,1
4094,0
4095,0
4096,0
4097,0
4098,0
4099,0
4100,0
4101,0
4102,0
4103,0
4104,1
4105,0
4106,1
4107,1
4108,0
4109,0
4110,1
4111,1
4112,1
4113,1
4114,0
4115,0
4116,0
4117,0
4118,0
4119,1
4120,0
4121,1
4122,0
4123,0
4124,1
4125,0
4126,1
4127,1
4128,1
4129,1
4130,0
4131,1
4132,0
4133,0
4134,0
4135,0
4136,1
4137,1
4138,0
4139,1
4140,1
4141,0
4142,0
4143,1
4144,0
4145,0
4146,1
4147,0
4148,0
4149,1
4150,1
4151,0
4152,1
4153,1
4154,1
4155,0
4156,0
4157,0
4158,0
4159,0
4160,0
4161,0
4162,1
4163,0
4164,0
4165,1
4166,1
4167,0
4168,0
4169,0
4170,0
4171,1
4172,0
4173,1
4174,0
4175,0
4176,1
4177,0
4178,1
4179,1
4180,1
4181,1
4182,1
4183,0
4184,0
4185,0
4186,0
4187,0
4188,0
4189,0
4190,0
4191,0
4192,0
4193,0
4194,0
4195,0
4196,0
4197,0
4198,0
4199,0
4200,1
4201,1
4202,0
4203,1
4204,0
4205,1
4206,0
4207,0
4208,0
4209,0
4210,1
4211,0
4212,1
4213,0
4214,0
4215,1
4216,1
4217,1
4218,0
4219,0
4220,0
4221,1
4222,1
4223,1
4224,1
4225,0
4226,1
4227,0
4228,0
4229,1
4230,1
4231,0
4232,1
4233,1
4234,0
4235,1
4236,0
4237,1
4238,0
4239,1
4240,1
4241,0
4242,1
4243,0
4244,1
4245,0
4246,0
4247,0
4248,0
4249,0
4250,0
4251,0
4252,0
4253,0
4254,0
4255,0
4256,0
4257,1
4258,1
4259,0
4260,1
4261,0
4262,1
4263,1
4264,0
4265,0
4266,1
4267,1
4268,0
4269,0
4270,0
4271,0
4272,1
4273,0
4274,1
4275,1
4276,0
4277,0
4278,1
4279,0
4280,0
4281,0
4282,1
4283,0
4284,0
4285,0
4286,0
4287,0
4288,0
4289,1
4290,0
4291,0
4292,1
4293,0
4294,1
4295,0
4296,0
4297,1
4298,1
4299,1
4300,1
4301,1
4302,0
4303,0
4304,0
4305,0
4306,1
4307,0
4308,0
4309,1
4310,1
4311,1
4312,0
4313,0
4314,1
4315,0
4316,0
4317,0
4318,1
4319,1
4320,0
4321,1
4322,0
4323,0
4324,0
4325,0
4326,0
4327,0
4328,0
4329,0
4330,0
4331,0
4332,0
4333,0
4334,0
4335,0
4336,1
4337,1
4338,0
4339,0
4340,0
4341,0
4342,0
4343,1
4344,0
4345,0
4346,0
4347,1
4348,0
4349,0
4350,0
4351,1
4352,1
4353,0
4354,0
4355,1
4356,1
4357,0
4358,1
4359,0
4360,1
4361,0
4362,0
4363,1
4364,0
4365,0
4366,1
4367,1
4368,1
4369,1
4370,0
4371,1
4372,0
4373,1
4374,1
4375,1
4376,1
4377,0
4378,0
4379,0
4380,0
4381,0
4382,0
4383,0
4384,0
4385,1
4386,0
4387,1
4388,0
4389,0
4390,0
4391,0
4392,0
4393,1
4394,1
4395,0
4396,0
4397,0
4398,0
4399,0
4400,0
4401,1
4402,0
4403,0
4404,1
4405,1
4406,0
4407,1
4408,0
4409,1
4410,0
4411,0
4412,0
4413,0
4414,1
4415,0
4416,0
4417,0
4418,1
4419,1
4420,0
4421,0
4422,0
4423,1
4424,0
4425,0
4426,0
4427,0
4428,1
4429,0
4430,1
4431,0
4432,0
4433,0
4434,1
4435,1
4436,0
4437,0
4438,0
4439,0
4440,1
4441,1
4442,0
4443,1
4444,0
4445,1
4446,1
4447,0
4448,1
4449,0
4450,0
4451,0
4452,0
4453,1
4454,1
4455,0
4456,1
4457,0
4458,0
4459,0
4460,0
4461,0
4462,0
4463,1
4464,0
4465,0
4466,0
4467,0
4468,1
4469,1
4470,1
4471,0
4472,0
4473,0
4474,0
4475,0
4476,0
4477,0
4478,0
4479,0
4480,0
4481,0
4482,1
4483,1
4484,1
4485,0
4486,1
4487,0
4488,0
4489,0
4490,1
4491,1
4492,1
4493,0
4494,0
4495,0
4496,1
4497,0
4498,0
4499,0
4500,1
4501,0
4502,0
4503,0
4504,0
4505,1
4506,0
4507,0
4508,0
4509,1
4510,0
4511,1
4512,0
4513,0
4514,0
4515,0
4516,0
4517,1
4518,1
4519,1
4520,0
4521,0
4522,1
4523,0
4524,0
4525,1
4526,0
4527,0
4528,0
4529,0
4530,0
4531,0
4532,1
4533,1
4534,0
4535,1
4536,0
4537,0
4538,1
4539,0
4540,1
4541,0
4542,0
4543,1
4544,1
4545,0
4546,0
4547,1
4548,0
4549,0
4550,0
4551,0
4552,1
4553,0
4554,0
4555,0
4556,0
4557,0
4558,0
4559,0
4560,1
4561,1
4562,0
4563,1
4564,1
4565,0
4566,1
4567,1
4568,0
4569,1
4570,1
4571,0
4572,0
4573,0
4574,1
4575,0
4576,0
4577,1
4578,1
4579,0
4580,0
4581,0
4582,0
4583,1
4584,0
4585,0
4586,0
4587,1
4588,0
4589,1
4590,1
4591,0
4592,1
4593,0
4594,0
4595,1
4596,1
4597,1
4598,0
4599,1
4600,1
4601,1
4602,0
4603,1
4604,0
4605,0
4606,0
4607,0
4608,0
4609,0
4610,0
4611,0
4612,1
4613,0
4614,0
4615,1
4616,1
4617,0
4618,1
4619,1
4620,0
4621,1
4622,1
4623,1
4624,0
4625,0
4626,1
4627,0
4628,0
4629,1
4630,0
4631,0
4632,1
4633,1
4634,1
4635,1
4636,0
4637,0
4638,0
4639,0
4640,0
4641,0
4642,1
4643,0
4644,1
4645,1
4646,0
4647,0
4648,0
4649,1
4650,0
4651,0
4652,0
4653,0
4654,0
4655,0
4656,0
4657,1
4658,0
4659,0
4660,0
4661,1
4662,0
4663,0
4664,0
4665,1
4666,0
4667,1
4668,0
4669,0
4670,1
4671,0
4672,0
4673,0
4674,1
4675,0
4676,0
4677,0
4678,1
4679,0
4680,1
4681,0
4682,0
4683,0
4684,1
4685,1
4686,1
4687,1
4688,1
4689,0
4690,0
4691,1
4692,0
4693,1
4694,1
4695,1
4696,0
4697,0
4698,1
4699,1
4700,0
4701,1
4702,0
4703,1
4704,0
4705,1
4706,1
4707,0
4708,0
4709,0
4710,0
4711,0
4712,0
4713,1
4714,0
4715,0
4716,0
4717,0
4718,1
4719,0
4720,1
4721,0
4722,0
4723,1
4724,0
4725,0
4726,0
4727,0
4728,0
4729,0
4730,1
4731,0
4732,1
4733,1
4734,1
4735,0
4736,1
4737,0
4738,0
4739,0
4740,0
4741,1
4742,0
4743,0
4744,0
4745,1
4746,0
4747,0
4748,0
4749,0
4750,0
4751,1
4752,0
4753,0
4754,0
4755,0
4756,0
4757,0
4758,0
4759,0
4760,1
4761,0
4762,0
4763,1
4764,0
4765,1
4766,1
4767,0
4768,0
4769,0
4770,0
4771,0
4772,0
4773,0
4774,0
4775,0
4776,0
4777,1
4778,1
4779,0
4780,1
4781,0
4782,0
4783,0
4784,0
4785,0
4786,0
4787,1
4788,0
4789,0
4790,1
4791,0
4792,0
4793,0
4794,0
4795,0
4796,1
4797,1
4798,0
4799,0
4800,1
4801,1
4802,1
4803,0
4804,0
4805,0
4806,0
4807,0
4808,1
4809,0
4810,1
4811,1
4812,0
4813,0
4814,0
4815,0
4816,0
4817,0
4818,0
4819,0
4820,1
4821,1
4822,0
4823,1
4824,0
4825,1
4826,1
4827,1
4828,0
4829,1
4830,0
4831,1
4832,0
4833,0
4834,1
4835,0
4836,0
4837,1
4838,0
4839,1
4840,0
4841,0
4842,1
4843,0
4844,1
4845,0
4846,0
4847,1
4848,0
4849,0
4850,0
4851,0
4852,1
4853,1
4854,0
4855,1
4856,0
4857,0
4858,0
4859,1
4860,1
4861,0
4862,0
4863,0
4864,1
4865,0
4866,0
4867,0
4868,0
4869,0
4870,0
4871,1
4872,0
4873,0
4874,0
4875,0
4876,0
4877,0
4878,0
4879,0
4880,0
4881,0
4882,1
4883,0
4884,1
4885,0
4886,0
4887,1
4888,0
4889,1
4890,1
4891,1
4892,0
4893,0
4894,0
4895,0
4896,0
4897,0
4898,0
4899,0
4900,1
4901,1
4902,1
4903,1
4904,0
4905,0
4906,0
4907,1
4908,0
4909,0
4910,0
4911,0
4912,0
4913,1
4914,1
4915,1
4916,1
4917,0
4918,0
4919,0
4920,1
4921,1
4922,0
4923,1
4924,0
4925,0
4926,1
4927,0
4928,0
4929,1
4930,0
4931,0
4932,1
4933,0
4934,0
4935,0
4936,1
4937,0
4938,0
4939,1
4940,0
4941,0
4942,0
4943,1
4944,1
4945,1
4946,1
4947,0
4948,0
4949,1
4950,1
4951,1
4952,1
4953,1
4954,1
4955,0
4956,1
4957,0
4958,0
4959,0
4960,0
4961,0
4962,0
4963,0
4964,0
4965,1
4966,1
4967,0
4968,0
4969,1
4970,0
4971,1
4972,0
4973,0
4974,0
4975,0
4976,0
4977,1
4978,0
4979,0
4980,0
4981,0
4982,0
4983,1
4984,0
4985,0
4986,0
4987,0
4988,0
4989,0
4990,0
4991,1
4992,1
4993,0
4994,1
4995,0
4996,0
4997,0
4998,0
4999,1
5000,0
5001,1
5002,1
5003,0
5004,1
5005,0
5006,0
5007,0
5008,0
5009,1
5010,0
5011,1
5012,1
5013,1
5014,0
5015,0
5016,0
5017,1
5018,1
5019,0
5020,1
5021,0
5022,0
5023,1
5024,1
5025,1
5026,0
5027,1
5028,0
5029,0
5030,0
5031,0
5032,1
5033,0
5034,0
5035,0
5036,0
5037,0
5038,0
5039,0
5040,0
5041,0
5042,0
5043,1
5044,1
5045,0
5046,0
5047,0
5048,0
5049,0
5050,1
5051,1
5052,0
5053,0
5054,0
5055,0
5056,0
5057,0
5058,0
5059,1
5060,1
5061,1
5062,0
5063,0
5064,1
5065,1
5066,1
5067,0
5068,0
5069,0
5070,0
5071,0
5072,0
5073,1
5074,0
5075,0
5076,0
5077,1
5078,1
5079,0
5080,0
5081,0
5082,1
5083,0
5084,1
5085,1
5086,1
5087,1
5088,1
5089,0
5090,0
5091,0
5092,0
5093,0
5094,0
5095,0
5096,0
5097,1
5098,1
5099,1
5100,1
5101,0
5102,0
5103,1
5104,0
5105,1
5106,0
5107,0
5108,1
5109,0
5110,0
5111,0
5112,0
5113,0
5114,0
5115,0
5116,0
5117,0
5118,0
5119,0
5120,0
5121,0
5122,1
5123,1
5124,0
5125,1
5126,1
5127,1
5128,0
5129,0
5130,0
5131,1
5132,0
5133,1
5134,1
5135,0
5136,0
5137,0
5138,1
5139,0
5140,0
5141,0
5142,0
5143,1
5144,1
5145,0
5146,0
5147,1
5148,1
5149,0
5150,0
5151,0
5152,1
5153,0
5154,1
5155,0
5156,1
5157,1
5158,0
5159,0
5160,0
5161,0
5162,1
5163,0
5164,1
5165,0
5166,1
5167,1
5168,0
5169,1
5170,0
5171,1
5172,0
5173,0
5174,0
5175,0
5176,0
5177,1
5178,0
5179,0
5180,0
5181,0
5182,0
5183,0
5184,1
5185,1
5186,1
5187,0
5188,0
5189,1
5190,1
5191,1
5192,0
5193,1
5194,1
5195,0
5196,0
5197,0
5198,0
5199,1
5200,0
5201,1
5202,1
5203,1
5204,1
5205,0
5206,0
5207,1
5208,1
5209,0
5210,0
5211,1
5212,0
5213,0
5214,0
5215,0
5216,0
5217,0
5218,1
5219,1
5220,1
5221,0
5222,0
5223,1
5224,0
5225,0
5226,1
5227,0
5228,0
5229,0
5230,0
5231,0
5232,1
5233,1
5234,1
5235,0
5236,1
5237,1
5238,0
5239,0
5240,0
5241,1
5242,0
5243,1
5244,1
5245,0
5246,0
5247,0
5248,0
5249,0
5250,0
5251,0
5252,0
5253,1
5254,1
5255,1
5256,1
5257,0
5258,1
5259,0
5260,0
5261,0
5262,0
5263,1
5264,0
5265,0
5266,0
5267,0
5268,0
5269,1
5270,1
5271,1
5272,0
5273,0
5274,0
5275,0
5276,0
5277,0
5278,0
5279,0
5280,0
5281,0
5282,0
5283,1
5284,0
5285,0
5286,0
5287,0
5288,1
5289,0
5290,0
5291,0
5292,0
5293,0
5294,1
5295,0
5296,1
5297,1
5298,0
5299,0
5300,0
5301,1
5302,1
5303,0
5304,1
5305,0
5306,0
5307,1
5308,1
5309,1
5310,0
5311,0
5312,0
5313,0
5314,0
5315,0
5316,0
5317,1
5318,0
5319,0
5320,0
5321,0
5322,1
5323,0
5324,1
5325,0
5326,1
5327,1
5328,1
5329,0
5330,0
5331,0
5332,0
5333,0
5334,0
5335,0
5336,1
5337,1
5338,0
5339,0
5340,1
5341,0
5342,0
5343,1
5344,1
5345,0
5346,0
5347,0
5348,0
5349,1
5350,1
5351,0
5352,1
5353,1
5354,1
5355,1
5356,0
5357,0
5358,1
5359,1
5360,0
5361,0
5362,0
5363,0
5364,0
5365,0
5366,0
5367,1
5368,1
5369,1
5370,1
5371,0
5372,0
5373,0
5374,0
5375,1
5376,0
5377,1
5378,0
5379,0
5380,1
5381,1
5382,0
5383,0
5384,0
5385,0
5386,1
5387,0
5388,1
5389,0
5390,1
5391,1
5392,1
5393,0
5394,0
5395,0
5396,0
5397,0
5398,0
5399,0
5400,0
5401,0
5402,1
5403,0
5404,0
5405,0
5406,0
5407,1
5408,1
5409,1
5410,0
5411,0
5412,0
5413,0
5414,0
5415,0
5416,0
5417,0
5418,1
5419,1
5420,0
5421,0
5422,0
5423,0
5424,0
5425,0
5426,1
5427,0
5428,1
5429,0
5430,0
5431,1
5432,1
5433,0
5434,1
5435,0
5436,0
5437,0
5438,0
5439,0
5440,1
5441,0
5442,0
5443,0
5444,0
5445,0
5446,1
5447,0
5448,0
5449,0
5450,0
5451,1
5452,0
5453,1
5454,0
5455,1
5456,0
5457,0
5458,0
5459,1
5460,1
5461,0
5462,1
5463,0
5464,0
5465,0
5466,0
5467,1
5468,0
5469,0
5470,1
5471,1
5472,0
5473,0
5474,1
5475,1
5476,1
5477,0
5478,0
5479,1
5480,0
5481,1
5482,1
5483,0
5484,1
5485,0
5486,0
5487,0
5488,0
5489,0
5490,0
5491,1
5492,0
5493,1
5494,0
5495,1
5496,1
5497,1
5498,0
5499,1
5500,1
5501,0
5502,0
5503,0
5504,1
5505,0
5506,1
5507,0
5508,0
5509,1
5510,0
5511,1
5512,0
5513,0
5514,0
5515,1
5516,0
5517,0
5518,1
5519,0
5520,0
5521,0
5522,0
5523,0
5524,1
5525,0
5526,1
5527,1
5528,1
5529,0
5530,0
5531,0
5532,0
5533,0
5534,1
5535,0
5536,1
5537,0
5538,1
5539,0
5540,0
5541,0
5542,0
5543,1
5544,1
5545,0
5546,0
5547,1
5548,1
5549,1
5550,0
5551,0
5552,0
5553,0
5554,0
5555,0
5556,1
5557,0
5558,1
5559,0
5560,0
5561,1
5562,1
5563,0
5564,1
5565,0
5566,1
5567,0
5568,0
5569,0
5570,1
5571,0
5572,0
5573,0
5574,1
5575,1
5576,0
5577,0
5578,0
5579,0
5580,1
5581,0
5582,1
5583,1
5584,1
5585,0
5586,0
5587,0
5588,1
5589,0
5590,0
5591,0
5592,1
5593,0
5594,0
5595,0
5596,1
5597,1
5598,0
5599,1
5600,0
5601,1
5602,0
5603,0
5604,0
5605,0
5606,0
5607,1
5608,0
5609,0
5610,0
5611,0
5612,0
5613,0
5614,0
5615,0
5616,0
5617,1
5618,0
5619,1
5620,0
5621,0
5622,1
5623,1
5624,0
5625,0
5626,1
5627,1
5628,1
5629,0
5630,1
5631,0
5632,0
5633,1
5634,1
5635,1
5636,1
5637,0
5638,0
5639,0
5640,0
5641,0
5642,0
5643,0
5644,0
5645,0
5646,0
5647,0
5648,0
5649,0
5650,1
5651,0
5652,1
5653,0
5654,1
5655,0
5656,0
5657,0
5658,0
5659,1
5660,0
5661,0
5662,0
5663,0
5664,1
5665,0
5666,0
5667,0
5668,0
5669,0
5670,0
5671,0
5672,0
5673,0
5674,1
5675,0
5676,0
5677,0
5678,1
5679,0
5680,0
5681,0
5682,0
5683,0
5684,1
5685,1
5686,0
5687,0
5688,1
5689,0
5690,1
5691,1
5692,0
5693,0
5694,1
5695,0
5696,1
5697,0
5698,0
5699,0
5700,0
5701,1
5702,0
5703,0
5704,1
5705,1
5706,1
5707,0
5708,0
5709,0
5710,1
5711,0
5712,0
5713,0
5714,0
5715,0
5716,0
5717,1
5718,0
5719,0
5720,1
5721,0
5722,1
5723,0
5724,0
5725,0
5726,0
5727,0
5728,0
5729,0
5730,0
5731,0
5732,1
5733,0
5734,0
5735,1
5736,0
5737,1
5738,1
5739,0
5740,1
5741,0
5742,0
5743,1
5744,0
5745,0
5746,0
5747,0
5748,0
5749,1
5750,0
5751,0
5752,1
5753,1
5754,1
5755,1
5756,0
5757,0
5758,0
5759,0
5760,1
5761,0
5762,1
5763,0
5764,0
5765,1
5766,0
5767,0
5768,0
5769,0
5770,0
5771,1
5772,0
5773,0
5774,0
5775,0
5776,0
5777,1
5778,0
5779,1
5780,0
5781,0
5782,1
5783,1
5784,0
5785,0
5786,0
5787,0
5788,1
5789,1
5790,1
5791,1
5792,0
5793,0
5794,0
5795,0
5796,0
5797,0
5798,1
5799,0
5800,0
5801,1
5802,0
5803,1
5804,0
5805,0
5806,0
5807,1
5808,1
5809,1
5810,1
5811,1
5812,0
5813,0
5814,0
5815,0
5816,0
5817,0
5818,1
5819,0
5820,1
5821,1
5822,0
5823,1
5824,0
5825,0
5826,0
5827,1
5828,0
5829,0
5830,1
5831,0
5832,0
5833,0
5834,0
5835,0
5836,1
5837,0
5838,0
5839,0
5840,0
5841,1
5842,0
5843,1
5844,0
5845,1
5846,0
5847,0
5848,0
5849,0
5850,0
5851,1
5852,0
5853,0
5854,1
5855,0
5856,1
5857,0
5858,0
5859,1
5860,0
5861,1
5862,0
5863,1
5864,0
5865,1
5866,0
5867,0
5868,0
5869,0
5870,0
5871,0
5872,0
5873,0
5874,0
5875,0
5876,0
5877,0
5878,0
5879,1
5880,0
5881,1
5882,0
5883,1
5884,0
5885,0
5886,0
5887,0
5888,1
5889,0
5890,0
5891,0
5892,1
5893,1
5894,0
5895,1
5896,0
5897,1
5898,1
5899,0
5900,0
5901,1
5902,1
5903,0
5904,0
5905,0
5906,0
5907,0
5908,1
5909,0
5910,0
5911,0
5912,0
5913,0
5914,0
5915,1
5916,1
5917,1
5918,0
5919,0
5920,1
5921,1
5922,1
5923,1
5924,1
5925,1
5926,1
5927,1
5928,0
5929,1
5930,1
5931,1
5932,0
5933,0
5934,1
5935,0
5936,0
5937,0
5938,0
5939,1
5940,0
5941,0
5942,1
5943,1
5944,0
5945,0
5946,1
5947,0
5948,0
5949,0
5950,1
5951,1
5952,1
5953,0
5954,1
5955,1
5956,1
5957,0
5958,0
5959,1
5960,0
5961,0
5962,0
5963,0
5964,0
5965,1
5966,0
5967,0
5968,1
5969,1
5970,0
5971,0
5972,0
5973,0
5974,1
5975,0
5976,0
5977,0
5978,0
5979,1
5980,0
5981,0
5982,0
5983,0
5984,0
5985,1
5986,1
5987,0
5988,1
5989,1
5990,0
5991,0
5992,1
5993,0
5994,0
5995,1
5996,1
5997,0
5998,1
5999,1
6000,0
6001,1
6002,1
6003,1
6004,0
6005,0
6006,0
6007,1
6008,0
6009,0
6010,1
6011,0
6012,0
6013,0
6014,1
6015,0
6016,0
6017,0
6018,0
6019,0
6020,0
6021,1
6022,0
6023,1
6024,0
6025,0
6026,0
6027,0
6028,1
6029,1
6030,0
6031,1
6032,1
6033,0
6034,0
6035,1
6036,0
6037,1
6038,0
6039,0
6040,0
6041,0
6042,0
6043,0
6044,0
6045,0
6046,0
6047,1
6048,0
6049,1
6050,0
6051,1
6052,0
6053,0
6054,1
6055,1
6056,0
6057,1
6058,0
6059,0
6060,0
6061,0
6062,1
6063,0
6064,0
6065,1
6066,0
6067,1
6068,1
6069,1
6070,0
6071,1
6072,1
6073,0
6074,0
6075,0
6076,0
6077,0
6078,1
6079,0
6080,1
6081,1
6082,0
6083,0
6084,0
6085,1
6086,0
6087,1
6088,1
6089,0
6090,0
6091,1
6092,0
6093,1
6094,1
6095,0
6096,1
6097,0
6098,0
6099,0
6100,1
6101,0
6102,1
6103,1
6104,0
6105,1
6106,0
6107,0
6108,1
6109,1
6110,1
6111,1
6112,0
6113,0
6114,0
6115,0
6116,0
6117,0
6118,0
6119,1
6120,0
6121,0
6122,1
6123,0
6124,1
6125,0
6126,0
6127,1
6128,0
6129,0
6130,0
6131,0
6132,1
6133,0
6134,1
6135,0
6136,0
6137,1
6138,0
6139,1
6140,0
6141,0
6142,0
6143,1
6144,1
6145,1
6146,1
6147,1
6148,0
6149,0
6150,1
6151,0
6152,0
6153,0
6154,0
6155,0
6156,1
6157,0
6158,0
6159,0
6160,0
6161,0
6162,1
6163,1
6164,0
6165,1
6166,0
6167,0
6168,0
6169,0
6170,0
6171,1
6172,0
6173,0
6174,1
6175,0
6176,1
6177,0
6178,0
6179,0
6180,0
6181,1
6182,1
6183,0
6184,0
6185,0
6186,0
6187,0
6188,1
6189,0
6190,0
6191,0
6192,0
6193,0
6194,0
6195,1
6196,0
6197,0
6198,0
6199,0
6200,0
6201,0
6202,1
6203,1
6204,1
6205,0
6206,1
6207,0
6208,0
6209,1
6210,0
6211,0
6212,0
6213,0
6214,0
6215,1
6216,1
6217,0
6218,1
6219,0
6220,0
6221,0
6222,1
6223,1
6224,1
6225,1
6226,0
6227,0
6228,1
6229,0
6230,0
6231,0
6232,0
6233,0
6234,0
6235,0
6236,0
6237,0
6238,0
6239,0
6240,0
6241,0
6242,0
6243,0
6244,1
6245,0
6246,1
6247,0
6248,0
6249,0
6250,0
6251,1
6252,1
6253,0
6254,0
6255,0
6256,1
6257,0
6258,0
6259,0
6260,0
6261,0
6262,0
6263,0
6264,0
